nid,pid
13,ir:MasterofGlobalAffairsProjects
14,ir:citationCollection
15,ir:graduate-works
16,ir:lac_harvest
17,ir:medprojects
18,ir:mnprojects
19,ir:signatureCollection
20,ir:thesisCollection
21,ir:undergradCollection
1033,ir:ir-batch6-5770
1042,ir:869
1056,ir:ir-batch6-4573
1068,ir:540
1075,ir:ir-batch6-1236
1078,ir:26656
1083,ir:ir-batch8-102
1086,ir:282
1089,ir:ir-batch6-6175
1111,ir:ir-batch6-5203
1114,ir:ir-batch6-6116
1122,ir:ir-batch6-853
1127,ir:523
1129,ir:ir-batch6-3481
1137,ir:ir-batch6-4839
1140,ir:ir-batch6-5569
1151,ir:ir-batch6-3139
1155,ir:ir-batch6-5713
1159,ir:ir-batch6-3653
1162,ir:ir-batch6-1816
1165,ir:ir-batch6-4510
1168,ir:ir-batch6-5840
1179,ir:ir-batch6-3447
1183,ir:ir-batch6-2917
1185,ir:ir-batch6-6178
1187,ir:ir-batch6-5507
1194,ir:ir-batch6-2186
1197,ir:227
1199,ir:ir-batch6-3157
1202,ir:ir-batch6-4214
1206,ir:ir-batch6-5886
1212,ir:737
1220,ir:ir-batch10-107
1223,ir:ir-batch6-5017
1230,ir:ir-batch6-4277
1237,ir:ir-batch6-3134
1243,ir:ir-batch6-5074
1250,ir:ir-batch6-1022
1260,ir:ir-batch6-2974
1263,ir:ir-batch6-3424
1267,ir:26638
1273,ir:244
1283,ir:ir-batch6-5564
1287,ir:ir-batch6-4834
1289,ir:ir-batch6-4425
1293,ir:ir-batch6-5975
1295,ir:ir-batch6-3766
1301,ir:ir-batch7-127
1303,ir:ir-batch6-6259
1309,ir:106
1314,ir:ir-batch6-5626
1317,ir:ir-batch6-3835
1338,ir:ir-batch6-2075
1340,ir:ir-batch6-1360
1346,ir:416
1363,ir:ir-batch6-2887
1367,ir:ir-batch6-905
1368,ir:ir-batch6-5497
1377,ir:ir-batch6-2016
1389,ir:ir-batch6-1940
1395,ir:ir-batch6-5916
1407,ir:ir-batch13-114
1411,ir:ir-batch6-5645
1416,ir:165
1419,ir:ir-batch6-5393
1420,ir:ir-batch6-6086
1427,ir:ir-batch6-4901
1437,ir:ir-batch6-2078
1438,ir:74
1441,ir:ir-batch6-4652
1449,ir:ir-batch6-3511
1459,ir:ir-batch6-4428
1460,ir:ir-batch6-5141
1463,ir:ir-batch6-6254
1470,ir:661
1471,ir:ir-batch6-5683
1473,ir:ir-batch6-3890
1482,ir:10276
1484,ir:ir-batch6-3001
1493,ir:ir-batch6-3838
1495,ir:ir-batch6-4389
1497,ir:602
1504,ir:ir-batch6-5122
1521,ir:ir-batch6-3062
1523,ir:ir-batch6-5648
1530,ir:168
1534,ir:ir-batch6-2771
1538,ir:ir-batch6-199
1540,ir:ir-batch6-4962
1551,ir:ir-batch12-161
1552,ir:ir-batch6-908
1554,ir:ir-batch6-131
1557,ir:478
1563,ir:ir-batch6-5358
1565,ir:ir-batch6-4631
1568,ir:17
1570,ir:ir-batch9-104
1573,ir:744
1579,ir:ir-batch6-5064
1580,ir:ir-batch6-2327
1597,ir:ir-batch14-124
1607,ir:ir-batch6-5574
1609,ir:596
1613,ir:26680
1625,ir:ir-batch6-4777
1627,ir:26628
1631,ir:237
1632,ir:ir-batch6-5517
1636,ir:ir-batch6-4847
1642,ir:ir-batch6-885
1648,ir:ir-batch6-2907
1649,ir:ir-batch6-6168
1660,ir:ir-batch6-1868
1662,ir:ir-batch6-5007
1665,ir:ir-batch10-117
1667,ir:ir-batch6-1793
1669,ir:ir-batch6-5896
1677,ir:ir-batch6-3147
1690,ir:ir-batch6-5579
1695,ir:ir-batch6-4829
1697,ir:259
1701,ir:ir-batch6-2692
1705,ir:533
1706,ir:ir-batch11-101
1708,ir:ir-batch6-5213
1709,ir:ir-batch6-2969
1712,ir:ir-batch6-6106
1718,ir:ir-batch6-2150
1723,ir:ir-batch6-200
1726,ir:ir-batch6-1806
1731,ir:ir-batch6-5850
1734,ir:ir-batch6-4500
1742,ir:ir-batch6-3910
1745,ir:ir-batch6-5703
1752,ir:ir-batch6-4563
1786,ir:ir-batch6-3973
1801,ir:ir-batch6-4073
1808,ir:ir-batch6-1226
1812,ir:ir-batch6-5270
1815,ir:292
1820,ir:550
1834,ir:ir-batch6-5658
1838,ir:ir-batch6-3072
1842,ir:ir-batch6-5132
1853,ir:ir-batch6-2271
1862,ir:ir-batch6-5348
1864,ir:ir-batch6-4621
1876,ir:ir-batch12-171
1880,ir:ir-batch6-2761
1888,ir:ir-batch6-4972
1894,ir:ir-batch6-4642
1899,ir:64
1906,ir:ir-batch6-2851
1907,ir:ir-batch6-4911
1910,ir:ir-batch6-5441
1923,ir:ir-batch6-5383
1924,ir:ir-batch6-6096
1926,ir:ir-batch6-3011
1937,ir:ir-batch6-2578
1938,ir:ir-batch6-4490
1947,ir:ir-batch6-5693
1948,ir:ir-batch6-3880
1951,ir:ir-batch6-4438
1958,ir:ir-batch6-5151
1971,ir:ir-batch6-2006
1980,ir:ir-batch6-4684
1994,ir:ir-batch6-5197
2006,ir:ir-batch6-5655
2022,ir:ir-batch6-4394
2026,ir:ir-batch6-5636
2029,ir:ir-batch6-1660
2031,ir:ir-batch6-2575
2034,ir:ir-batch6-3825
2035,ir:116
2046,ir:ir-batch6-5965
2052,ir:ir-batch6-1933
2065,ir:ir-batch6-2065
2066,ir:69
2071,ir:ir-batch6-6033
2088,ir:912
2114,ir:ir-batch6-4408
2119,ir:ir-batch6-3089
2120,ir:ir-batch6-2861
2122,ir:ir-batch6-3531
2123,ir:54
2132,ir:ir-batch6-4989
2134,ir:ir-batch6-172
2135,ir:351
2141,ir:ir-batch12-122
2148,ir:ir-batch6-4118
2150,ir:493
2155,ir:ir-batch6-4921
2158,ir:458
2159,ir:ir-batch6-928
2169,ir:ir-batch6-2802
2170,ir:ir-batch6-5378
2177,ir:ir-batch6-980
2186,ir:332
2187,ir:ir-batch6-3042
2189,ir:ir-batch6-5668
2194,ir:ir-batch13-139
2197,ir:ir-batch6-4301
2204,ir:148
2217,ir:ir-batch6-5102
2221,ir:ir-batch6-6003
2227,ir:59
2234,ir:ir-batch6-2797
2237,ir:436
2250,ir:ir-batch6-1192
2251,ir:ir-batch6-3815
2258,ir:ir-batch6-5606
2261,ir:ir-batch6-3746
2264,ir:ir-batch7-107
2266,ir:ir-batch6-1903
2274,ir:ir-batch6-3084
2276,ir:ir-batch6-5665
2277,ir:687
2284,ir:ir-batch6-2526
2286,ir:ir-batch13-134
2288,ir:ir-batch6-3876
2295,ir:ir-batch6-366
2308,ir:455
2311,ir:ir-batch6-925
2312,ir:ir-batch6-2036
2321,ir:ir-batch6-5375
2326,ir:ir-batch6-3235
2343,ir:ir-batch6-1858
2344,ir:ir-batch6-5037
2350,ir:ir-batch6-4234
2358,ir:ir-batch6-534
2361,ir:844
2367,ir:ir-batch6-5527
2381,ir:ir-batch6-2937
2388,ir:ir-batch6-6193
2389,ir:264
2390,ir:ir-batch6-5286
2391,ir:ir-batch6-5544
2399,ir:ir-batch6-2607
2402,ir:26618
2419,ir:ir-batch6-5054
2428,ir:ir-batch14-114
2429,ir:ir-batch6-4595
2431,ir:ir-batch6-1893
2432,ir:ir-batch6-557
2436,ir:ir-batch6-3114
2439,ir:ir-batch6-1768
2441,ir:ir-batch6-4257
2450,ir:ir-batch6-2992
2452,ir:ir-batch6-4781
2454,ir:ir-batch6-810
2456,ir:ir-batch6-5582
2466,ir:26676
2475,ir:ir-batch6-1855
2482,ir:ir-batch6-4553
2492,ir:ir-batch6-5750
2494,ir:ir-batch6-5092
2495,ir:ir-batch6-539
2497,ir:ir-batch6-4530
2501,ir:ir-batch6-5860
2509,ir:ir-batch6-5059
2529,ir:ir-batch6-5733
2541,ir:269
2543,ir:ir-batch6-4819
2557,ir:ir-batch6-2160
2558,ir:26615
2563,ir:ir-batch6-5223
2564,ir:ir-batch6-2959
2565,ir:ir-batch6-6136
2566,ir:503
2570,ir:ir-batch6-4476
2574,ir:ir-batch6-3735
2588,ir:ir-batch6-5675
2590,ir:697
2594,ir:ir-batch6-3866
2621,ir:ir-batch6-2026
2631,ir:ir-batch6-5365
2634,ir:ir-batch6-935
2640,ir:ir-batch6-4105
2653,ir:426
2654,ir:ir-batch6-4994
2662,ir:ir-batch6-2045
2670,ir:ir-batch6-3094
2674,ir:ir-batch6-1913
2676,ir:ir-batch6-3756
2688,ir:ir-batch6-3805
2689,ir:ir-batch6-5616
2702,ir:ir-batch6-5402
2704,ir:ir-batch6-4952
2707,ir:ir-batch6-2741
2710,ir:ir-batch6-990
2717,ir:ir-batch6-5368
2720,ir:448
2721,ir:ir-batch6-3280
2724,ir:ir-batch6-938
2725,ir:ir-batch6-1144
2728,ir:ir-batch6-5112
2731,ir:ir-batch6-6207
2734,ir:ir-batch6-3738
2741,ir:ir-batch6-5983
2746,ir:ir-batch6-5678
2750,ir:ir-batch6-3052
2763,ir:ir-batch6-3099
2784,ir:ir-batch6-2558
2786,ir:ir-batch6-3031
2793,ir:902
2811,ir:341
2813,ir:ir-batch12-132
2815,ir:ir-batch6-4999
2822,ir:ir-batch6-3521
2824,ir:ir-batch6-2871
2825,ir:ir-batch6-4662
2833,ir:ir-batch6-3109
2837,ir:ir-batch6-1775
2841,ir:ir-batch14-109
2842,ir:ir-batch6-4588
2853,ir:ir-batch6-3998
2855,ir:ir-batch6-5870
2857,ir:892
2863,ir:ir-batch6-1826
2866,ir:ir-batch6-5049
2871,ir:ir-batch6-3663
2872,ir:513
2876,ir:ir-batch6-4098
2878,ir:ir-batch6-1265
2880,ir:ir-batch6-2170
2884,ir:ir-batch6-5233
2885,ir:ir-batch6-2949
2890,ir:ir-batch6-5559
2905,ir:279
2909,ir:ir-batch6-5250
2911,ir:ir-batch6-6145
2918,ir:26666
2922,ir:570
2923,ir:ir-batch6-5592
2926,ir:ir-batch6-2982
2937,ir:ir-batch6-529
2938,ir:ir-batch6-5082
2940,ir:ir-batch6-4229
2944,ir:ir-batch6-2403
2949,ir:ir-batch6-5740
2971,ir:ir-batch6-4757
2984,ir:ir-batch6-5554
2993,ir:ir-batch6-2617
2995,ir:274
2998,ir:ir-batch6-3104
3002,ir:ir-batch6-4247
3007,ir:ir-batch6-4585
3011,ir:ir-batch6-1883
3026,ir:ir-batch6-5044
3031,ir:854
3035,ir:ir-batch6-4224
3053,ir:ir-batch6-2927
3057,ir:ir-batch6-6148
3067,ir:217
3078,ir:ir-batch6-5537
3087,ir:ir-batch6-3051
3090,ir:699
3093,ir:ir-batch6-4312
3094,ir:ir-batch6-3868
3101,ir:ir-batch6-4478
3105,ir:ir-batch6-5928
3107,ir:ir-batch6-1147
3113,ir:ir-batch6-5111
3128,ir:ir-batch6-2811
3131,ir:ir-batch6-102
3132,ir:ir-batch6-3283
3139,ir:ir-batch6-4951
3143,ir:ir-batch6-5401
3146,ir:ir-batch6-993
3155,ir:ir-batch6-2789
3157,ir:ir-batch6-958
3158,ir:428
3163,ir:ir-batch6-2872
3165,ir:ir-batch6-3522
3167,ir:47
3169,ir:ir-batch6-4661
3176,ir:ir-batch6-5462
3177,ir:480
3179,ir:ir-batch6-4932
3181,ir:342
3183,ir:ir-batch12-131
3190,ir:ir-batch6-5618
3193,ir:ir-batch6-3032
3198,ir:901
3211,ir:ir-batch6-5172
3222,ir:ir-batch6-2025
3226,ir:384
3228,ir:ir-batch6-6073
3232,ir:446
3238,ir:ir-batch6-936
3239,ir:81
3259,ir:694
3261,ir:ir-batch6-5676
3267,ir:ir-batch6-3865
3272,ir:ir-batch6-5925
3274,ir:ir-batch6-4475
3278,ir:ir-batch6-6209
3282,ir:ir-batch6-3736
3289,ir:ir-batch13-144
3296,ir:ir-batch6-5615
3300,ir:ir-batch6-3097
3304,ir:ir-batch6-3755
3305,ir:ir-batch6-1910
3307,ir:ir-batch7-114
3312,ir:ir-batch6-5946
3316,ir:ir-batch6-2784
3318,ir:ir-batch6-4997
3319,ir:425
3349,ir:ir-batch6-5785
3351,ir:ir-batch6-3996
3360,ir:ir-batch6-1828
3367,ir:ir-batch6-3107
3368,ir:ir-batch6-286
3373,ir:ir-batch6-4244
3376,ir:ir-batch6-4586
3377,ir:ir-batch6-1880
3378,ir:ir-batch6-544
3380,ir:ir-batch6-5557
3390,ir:ir-batch6-6180
3391,ir:277
3404,ir:ir-batch6-3417
3408,ir:214
3420,ir:ir-batch6-5534
3425,ir:ir-batch6-2924
3430,ir:26668
3444,ir:ir-batch6-1072
3452,ir:ir-batch6-527
3457,ir:ir-batch6-4227
3459,ir:ir-batch6-1718
3479,ir:510
3481,ir:ir-batch6-860
3487,ir:ir-batch6-1266
3493,ir:ir-batch6-5230
3504,ir:891
3505,ir:ir-batch6-5873
3510,ir:ir-batch6-3660
3515,ir:ir-batch6-1825
3518,ir:ir-batch6-5720
3530,ir:ir-batch6-5029
3539,ir:ir-batch6-4540
3544,ir:ir-batch6-5081
3550,ir:ir-batch6-2400
3553,ir:ir-batch6-3950
3554,ir:ir-batch6-5743
3559,ir:ir-batch6-3169
3561,ir:219
3572,ir:ir-batch6-5539
3575,ir:ir-batch6-3313
3577,ir:ir-batch6-6146
3578,ir:ir-batch6-2929
3584,ir:26665
3585,ir:ir-batch6-2110
3592,ir:ir-batch6-5591
3593,ir:573
3594,ir:ir-batch6-1900
3596,ir:ir-batch7-104
3600,ir:ir-batch6-3745
3602,ir:ir-batch6-5956
3604,ir:ir-batch6-1139
3609,ir:ir-batch6-3087
3622,ir:ir-batch6-5605
3639,ir:ir-batch6-5315
3648,ir:ir-batch12-184
3656,ir:435
3657,ir:ir-batch6-4987
3673,ir:ir-batch6-675
3676,ir:ir-batch6-926
3683,ir:ir-batch6-2035
3685,ir:ir-batch6-5376
3687,ir:394
3688,ir:ir-batch6-6063
3698,ir:ir-batch6-6219
3705,ir:ir-batch6-5666
3706,ir:ir-batch6-3875
3708,ir:ir-batch13-137
3719,ir:146
3721,ir:352
3722,ir:ir-batch12-121
3723,ir:ir-batch6-1424
3727,ir:ir-batch6-3258
3728,ir:ir-batch6-4922
3731,ir:ir-batch6-5472
3733,ir:490
3734,ir:ir-batch6-3532
3736,ir:ir-batch6-2862
3741,ir:ir-batch6-4671
3744,ir:57
3750,ir:ir-batch6-171
3751,ir:438
3754,ir:ir-batch6-3748
3772,ir:ir-batch6-461
3773,ir:911
3777,ir:ir-batch6-4361
3780,ir:ir-batch13-159
3786,ir:ir-batch6-5608
3794,ir:ir-batch6-5938
3801,ir:ir-batch6-6214
3807,ir:689
3812,ir:ir-batch6-3041
3813,ir:ir-batch6-2528
3823,ir:ir-batch6-5990
3837,ir:ir-batch6-1447
3840,ir:ir-batch6-983
3846,ir:ir-batch12-142
3849,ir:331
3856,ir:ir-batch6-2038
3857,ir:34
3861,ir:ir-batch6-4612
3863,ir:399
3878,ir:ir-batch6-5091
3881,ir:ir-batch6-250
3882,ir:719
3889,ir:ir-batch6-5039
3891,ir:ir-batch6-1856
3894,ir:ir-batch6-4550
3899,ir:ir-batch6-5581
3905,ir:ir-batch6-3469
3909,ir:ir-batch6-5243
3913,ir:26675
3919,ir:ir-batch6-4040
3928,ir:ir-batch6-5529
3931,ir:ir-batch6-2991
3934,ir:ir-batch6-4782
3936,ir:ir-batch6-2163
3937,ir:26616
3944,ir:ir-batch6-5220
3947,ir:500
3951,ir:ir-batch6-5288
3968,ir:829
3973,ir:ir-batch6-5730
3981,ir:ir-batch6-4259
3984,ir:ir-batch6-5863
3989,ir:ir-batch6-4533
3998,ir:ir-batch6-233
4006,ir:ir-batch6-2934
4010,ir:26678
4013,ir:ir-batch6-4727
4022,ir:ir-batch6-5524
4027,ir:204
4038,ir:ir-batch6-537
4054,ir:ir-batch6-4596
4056,ir:ir-batch6-554
4057,ir:ir-batch6-1890
4058,ir:ir-batch6-3117
4065,ir:ir-batch6-4254
4069,ir:ir-batch6-1001
4076,ir:ir-batch6-5057
4080,ir:777
4088,ir:ir-batch6-6138
4094,ir:ir-batch6-5285
4097,ir:267
4117,ir:ir-batch6-5700
4135,ir:ir-batch6-5853
4137,ir:ir-batch6-2329
4143,ir:ir-batch11-102
4149,ir:ir-batch6-5210
4152,ir:ir-batch6-4779
4155,ir:26626
4157,ir:ir-batch6-2153
4159,ir:ir-batch6-1246
4162,ir:ir-batch6-4013
4168,ir:ir-batch6-3350
4169,ir:598
4176,ir:ir-batch6-2130
4177,ir:ir-batch6-1225
4181,ir:291
4182,ir:ir-batch6-6166
4184,ir:ir-batch6-2909
4185,ir:ir-batch6-5273
4189,ir:553
4195,ir:ir-batch6-2198
4196,ir:239
4205,ir:ir-batch6-4849
4211,ir:ir-batch6-5898
4217,ir:ir-batch6-5763
4227,ir:ir-batch6-3970
4228,ir:ir-batch6-5830
4241,ir:ir-batch10-119
4252,ir:ir-batch6-6108
4259,ir:ir-batch6-4774
4265,ir:ir-batch6-1521
4270,ir:595
4272,ir:ir-batch6-5577
4274,ir:ir-batch6-4827
4275,ir:257
4280,ir:26683
4300,ir:ir-batch6-5067
4306,ir:ir-batch6-1031
4310,ir:ir-batch6-5895
4328,ir:ir-batch6-1052
4333,ir:ir-batch6-5004
4342,ir:26648
4343,ir:ir-batch6-1228
4347,ir:ir-batch6-2904
4351,ir:ir-batch6-2195
4352,ir:234
4354,ir:ir-batch6-4844
4357,ir:ir-batch6-5514
4362,ir:ir-batch6-2657
4365,ir:ir-batch6-6229
4377,ir:ir-batch6-4397
4379,ir:ir-batch6-5194
4391,ir:ir-batch6-5656
4396,ir:ir-batch6-2894
4399,ir:ir-batch6-4687
4410,ir:ir-batch6-187
4412,ir:ir-batch6-5346
4418,ir:ir-batch6-1310
4420,ir:ir-batch6-2005
4429,ir:ir-batch6-4126
4450,ir:ir-batch6-2066
4461,ir:ir-batch6-4436
4466,ir:ir-batch6-5966
4471,ir:ir-batch6-3775
4472,ir:ir-batch6-1930
4479,ir:ir-batch6-5635
4497,ir:ir-batch6-2899
4502,ir:ir-batch6-4148
4506,ir:ir-batch6-2762
4508,ir:ir-batch6-4971
4511,ir:ir-batch6-5421
4518,ir:ir-batch6-4622
4523,ir:ir-batch6-122
4526,ir:ir-batch6-5489
4531,ir:ir-batch6-6224
4533,ir:ir-batch6-5131
4539,ir:ir-batch6-1167
4547,ir:ir-batch6-5199
4561,ir:ir-batch6-3071
4565,ir:ir-batch6-5690
4579,ir:ir-batch6-5152
4588,ir:ir-batch6-3012
4595,ir:ir-batch6-4493
4598,ir:ir-batch6-5442
4612,ir:ir-batch6-5380
4616,ir:ir-batch6-978
4618,ir:67
4622,ir:ir-batch6-4641
4624,ir:ir-batch6-2852
4644,ir:ir-batch10-104
4654,ir:ir-batch6-5885
4659,ir:ir-batch6-5504
4663,ir:ir-batch6-4854
4667,ir:ir-batch6-1552
4671,ir:ir-batch6-2185
4672,ir:224
4675,ir:26658
4676,ir:ir-batch6-1238
4679,ir:ir-batch6-2914
4690,ir:ir-batch6-1531
4692,ir:ir-batch6-4837
4695,ir:ir-batch6-5567
4700,ir:ir-batch6-6118
4702,ir:ir-batch6-2977
4716,ir:ir-batch6-1021
4745,ir:ir-batch6-5509
4753,ir:ir-batch6-2188
4758,ir:229
4760,ir:543
4761,ir:ir-batch6-833
4770,ir:26655
4771,ir:ir-batch6-1235
4774,ir:ir-batch6-3449
4776,ir:281
4780,ir:ir-batch6-2919
4781,ir:ir-batch6-5263
4784,ir:739
4792,ir:ir-batch6-3633
4794,ir:ir-batch10-109
4795,ir:ir-batch6-5019
4808,ir:ir-batch6-3960
4814,ir:ir-batch6-5888
4839,ir:ir-batch6-3903
4845,ir:ir-batch6-3482
4847,ir:ir-batch6-703
4853,ir:ir-batch6-4003
4854,ir:23463
4861,ir:ir-batch6-6115
4862,ir:ir-batch6-5200
4865,ir:ir-batch6-2143
4869,ir:ir-batch6-4769
4874,ir:ir-batch6-850
4875,ir:520
4876,ir:ir-batch6-4892
4883,ir:ir-batch6-3002
4886,ir:ir-batch6-5628
4902,ir:ir-batch6-6257
4905,ir:ir-batch6-5142
4907,ir:ir-batch7-129
4908,ir:ir-batch6-5680
4913,ir:ir-batch6-4651
4915,ir:77
4924,ir:418
4925,ir:ir-batch6-4193
4926,ir:ir-batch6-968
4928,ir:ir-batch6-6085
4930,ir:ir-batch6-5390
4931,ir:ir-batch6-3278
4932,ir:ir-batch6-4902
4934,ir:ir-batch6-5452
4946,ir:ir-batch6-5499
4948,ir:ir-batch6-132
4954,ir:ir-batch6-2018
4958,ir:ir-batch6-4632
4962,ir:ir-batch6-2772
4973,ir:ir-batch6-2889
4975,ir:ir-batch12-162
4987,ir:ir-batch6-3061
4989,ir:ir-batch6-5189
5005,ir:ir-batch6-6234
5007,ir:ir-batch6-5121
5011,ir:ir-batch6-5918
5012,ir:ir-batch6-1177
5023,ir:ir-batch6-5335
5027,ir:ir-batch6-6020
5029,ir:415
5033,ir:ir-batch6-965
5035,ir:ir-batch6-6088
5057,ir:105
5061,ir:ir-batch6-5625
5069,ir:ir-batch6-3836
5076,ir:ir-batch6-4426
5079,ir:ir-batch6-1920
5082,ir:ir-batch7-124
5092,ir:ir-batch13-117
5098,ir:ir-batch6-5646
5103,ir:ir-batch6-4387
5115,ir:ir-batch6-5915
5119,ir:ir-batch6-906
5122,ir:ir-batch6-5494
5124,ir:ir-batch6-5356
5131,ir:ir-batch6-2015
5146,ir:ir-batch6-2884
5153,ir:679
5158,ir:ir-batch6-5159
5163,ir:ir-batch6-5960
5179,ir:ir-batch6-5633
5187,ir:ir-batch6-4498
5192,ir:ir-batch6-4120
5199,ir:ir-batch6-4919
5209,ir:403
5213,ir:ir-batch6-2859
5227,ir:ir-batch6-4681
5231,ir:ir-batch6-2892
5246,ir:ir-batch6-4629
5251,ir:ir-batch6-5340
5256,ir:ir-batch6-5482
5262,ir:ir-batch6-2279
5274,ir:ir-batch6-4391
5275,ir:ir-batch6-5192
5277,ir:ir-batch6-5650
5294,ir:ir-batch6-4914
5296,ir:ir-batch6-5444
5302,ir:364
5303,ir:ir-batch6-5386
5304,ir:ir-batch12-117
5312,ir:ir-batch6-4647
5318,ir:ir-batch6-5696
5319,ir:674
5325,ir:ir-batch6-5154
5339,ir:ir-batch6-3014
5344,ir:ir-batch6-4495
5345,ir:927
5352,ir:ir-batch6-6222
5353,ir:ir-batch6-1958
5355,ir:ir-batch6-5137
5364,ir:ir-batch6-434
5369,ir:ir-batch6-3077
5376,ir:307
5382,ir:ir-batch6-5427
5384,ir:ir-batch6-4977
5387,ir:ir-batch6-2764
5390,ir:ir-batch6-4624
5420,ir:ir-batch6-5765
5426,ir:9692
5429,ir:ir-batch6-4566
5431,ir:ir-batch6-1059
5433,ir:ir-batch6-5836
5448,ir:ir-batch6-2136
5449,ir:26643
5450,ir:ir-batch6-1223
5469,ir:ir-batch11-104
5470,ir:536
5473,ir:ir-batch6-1582
5476,ir:26620
5477,ir:ir-batch6-2155
5479,ir:ir-batch6-1240
5481,ir:ir-batch6-6103
5484,ir:ir-batch6-5216
5498,ir:ir-batch6-3494
5500,ir:ir-batch6-5706
5505,ir:ir-batch6-1750
5508,ir:ir-batch6-3915
5519,ir:ir-batch6-5855
5522,ir:ir-batch6-4505
5529,ir:ir-batch6-2902
5540,ir:558
5543,ir:232
5546,ir:ir-batch6-2193
5552,ir:ir-batch6-880
5554,ir:ir-batch6-5512
5556,ir:ir-batch6-4842
5557,ir:ir-batch6-3338
5561,ir:ir-batch6-5893
5563,ir:871
5569,ir:ir-batch6-5768
5573,ir:ir-batch6-3142
5575,ir:ir-batch6-5002
5581,ir:ir-batch6-1054
5585,ir:ir-batch6-1796
5593,ir:ir-batch6-4262
5598,ir:ir-batch14-121
5604,ir:741
5607,ir:ir-batch6-4508
5608,ir:ir-batch6-1037
5611,ir:ir-batch6-5858
5615,ir:ir-batch6-5061
5622,ir:ir-batch6-4772
5626,ir:ir-batch6-2158
5639,ir:ir-batch6-5571
5650,ir:26685
5653,ir:ir-batch6-718
5655,ir:ir-batch6-3067
5658,ir:ir-batch6-4324
5666,ir:ir-batch6-424
5683,ir:ir-batch6-6232
5686,ir:ir-batch6-5127
5687,ir:ir-batch6-134
5691,ir:ir-batch6-4634
5703,ir:ir-batch6-4967
5719,ir:ir-batch6-3514
5720,ir:ir-batch6-695
5725,ir:ir-batch6-4657
5730,ir:ir-batch6-6083
5732,ir:ir-batch6-5396
5740,ir:ir-batch6-5454
5743,ir:ir-batch6-4904
5754,ir:ir-batch6-4347
5764,ir:ir-batch6-5144
5775,ir:ir-batch6-5686
5787,ir:ir-batch6-4639
5800,ir:ir-batch6-2779
5808,ir:ir-batch6-2882
5824,ir:ir-batch6-5182
5825,ir:160
5833,ir:ir-batch6-5913
5847,ir:103
5849,ir:ir-batch6-4488
5859,ir:ir-batch6-3009
5863,ir:ir-batch6-5623
5866,ir:ir-batch6-3763
5868,ir:ir-batch6-1926
5870,ir:ir-batch6-5149
5871,ir:ir-batch7-122
5882,ir:669
5884,ir:ir-batch6-3519
5886,ir:ir-batch6-698
5895,ir:ir-batch6-2070
5897,ir:ir-batch6-963
5909,ir:ir-batch6-3273
5914,ir:ir-batch6-1027
5916,ir:ir-batch6-5848
5919,ir:ir-batch6-4518
5944,ir:ir-batch6-3908
5948,ir:241
5949,ir:ir-batch6-3489
5953,ir:583
5956,ir:ir-batch6-5561
5965,ir:ir-batch6-2148
5972,ir:ir-batch6-2971
5974,ir:ir-batch6-3421
5976,ir:ir-batch6-4899
5983,ir:ir-batch6-4852
5986,ir:ir-batch6-5502
5987,ir:222
5989,ir:ir-batch6-2183
5995,ir:548
6000,ir:ir-batch6-2912
6001,ir:ir-batch6-5268
6010,ir:ir-batch6-3638
6030,ir:ir-batch6-5778
6035,ir:ir-batch6-5883
6039,ir:ir-batch6-705
6052,ir:ir-batch6-2145
6062,ir:ir-batch6-4894
6063,ir:526
6064,ir:ir-batch6-856
6069,ir:ir-batch6-4515
6072,ir:ir-batch6-5845
6076,ir:ir-batch6-1813
6082,ir:ir-batch6-2397
6083,ir:ir-batch6-1082
6086,ir:ir-batch6-5716
6089,ir:ir-batch6-3905
6098,ir:ir-batch6-1870
6104,ir:ir-batch6-5826
6106,ir:ir-batch6-4576
6116,ir:ir-batch6-5775
6133,ir:ir-batch6-766
6139,ir:545
6142,ir:287
6147,ir:ir-batch6-5265
6149,ir:ir-batch6-2126
6150,ir:26653
6151,ir:ir-batch6-1233
6164,ir:ir-batch6-5022
6170,ir:702
6172,ir:ir-batch6-4289
6179,ir:ir-batch6-5748
6193,ir:212
6197,ir:ir-batch6-5532
6205,ir:ir-batch6-1564
6207,ir:ir-batch6-4731
6210,ir:ir-batch6-2922
6211,ir:ir-batch6-5258
6214,ir:ir-batch6-3472
6236,ir:ir-batch6-6186
6237,ir:271
6244,ir:ir-batch6-2941
6245,ir:ir-batch6-4752
6248,ir:ir-batch6-2178
6252,ir:ir-batch6-228
6253,ir:761
6262,ir:ir-batch6-4528
6266,ir:ir-batch6-5878
6276,ir:ir-batch6-3101
6281,ir:ir-batch6-542
6284,ir:ir-batch6-1886
6286,ir:ir-batch6-4580
6302,ir:26663
6312,ir:ir-batch6-5597
6314,ir:ir-batch6-805
6321,ir:ir-batch6-5816
6333,ir:ir-batch6-5087
6335,ir:ir-batch6-5745
6342,ir:ir-batch6-2406
6347,ir:ir-batch6-225
6355,ir:897
6357,ir:ir-batch6-5875
6362,ir:ir-batch6-1770
6370,ir:ir-batch6-5726
6384,ir:ir-batch6-3376
6392,ir:516
6396,ir:ir-batch6-5236
6398,ir:ir-batch6-2175
6406,ir:ir-batch6-3034
6434,ir:196
6436,ir:ir-batch6-6261
6445,ir:ir-batch6-1358
6449,ir:ir-batch6-2874
6456,ir:486
6462,ir:ir-batch6-2727
6476,ir:22
6485,ir:ir-batch12-154
6490,ir:ir-batch6-995
6503,ir:ir-batch6-4314
6510,ir:ir-batch6-1978
6512,ir:ir-batch6-5117
6522,ir:ir-batch6-4991
6525,ir:ir-batch6-1497
6533,ir:ir-batch6-5303
6534,ir:ir-batch6-2879
6536,ir:ir-batch6-6016
6545,ir:ir-batch6-4939
6552,ir:349
6558,ir:ir-batch6-5613
6562,ir:ir-batch6-3039
6567,ir:ir-batch13-142
6568,ir:ir-batch6-1187
6571,ir:659
6572,ir:ir-batch6-3091
6576,ir:ir-batch6-5940
6581,ir:ir-batch6-1916
6582,ir:ir-batch6-5179
6586,ir:ir-batch6-3753
6587,ir:ir-batch6-3798
6589,ir:ir-batch6-419
6591,ir:150
6597,ir:ir-batch6-3863
6608,ir:ir-batch6-5670
6612,ir:ir-batch6-3730
6618,ir:ir-batch6-5923
6625,ir:ir-batch6-5360
6628,ir:ir-batch6-6075
6631,ir:ir-batch6-4609
6636,ir:ir-batch6-2023
6637,ir:ir-batch6-930
6647,ir:87
6667,ir:ir-batch6-1760
6678,ir:ir-batch6-1833
6682,ir:ir-batch6-4535
6684,ir:ir-batch6-5865
6689,ir:ir-batch6-235
6695,ir:ir-batch6-6133
6697,ir:ir-batch6-5226
6700,ir:ir-batch6-2165
6704,ir:ir-batch6-876
6705,ir:506
6719,ir:ir-batch6-5587
6722,ir:26673
6724,ir:ir-batch6-2106
6735,ir:ir-batch6-5245
6751,ir:ir-batch6-5755
6756,ir:26363
6764,ir:ir-batch6-256
6778,ir:ir-batch6-594
6791,ir:ir-batch6-5283
6793,ir:261
6796,ir:ir-batch6-2602
6807,ir:ir-batch6-1896
6823,ir:ir-batch6-3111
6825,ir:ir-batch6-5051
6835,ir:ir-batch6-5868
6850,ir:ir-batch6-4231
6856,ir:ir-batch6-531
6875,ir:ir-batch6-5032
6884,ir:ir-batch6-4721
6888,ir:ir-batch6-3462
6891,ir:ir-batch6-2932
6892,ir:ir-batch6-5248
6894,ir:ir-batch6-3308
6897,ir:ir-batch6-5522
6899,ir:ir-batch6-2661
6907,ir:202
6919,ir:ir-batch6-2249
6925,ir:ir-batch6-2523
6929,ir:ir-batch6-4309
6937,ir:ir-batch6-5660
6940,ir:ir-batch6-3788
6948,ir:ir-batch6-2759
6950,ir:ir-batch6-988
6956,ir:ir-batch6-3230
6970,ir:450
6975,ir:ir-batch6-5370
6977,ir:ir-batch6-6065
6981,ir:ir-batch6-2033
6984,ir:ir-batch6-4619
6989,ir:ir-batch6-4929
6995,ir:23570
6997,ir:ir-batch6-4110
7005,ir:ir-batch6-2050
7009,ir:ir-batch6-5313
7010,ir:ir-batch6-2869
7015,ir:ir-batch6-4981
7024,ir:ir-batch6-5950
7027,ir:ir-batch6-3743
7031,ir:ir-batch6-1906
7032,ir:ir-batch7-102
7036,ir:ir-batch6-3081
7040,ir:ir-batch6-2282
7043,ir:ir-batch6-3029
7047,ir:ir-batch6-5603
7054,ir:ir-batch6-985
7061,ir:ir-batch6-4947
7063,ir:ir-batch6-5417
7066,ir:337
7067,ir:ir-batch12-144
7079,ir:ir-batch6-6068
7083,ir:ir-batch6-4614
7085,ir:32
7094,ir:ir-batch6-6212
7097,ir:ir-batch6-5107
7103,ir:ir-batch6-1151
7109,ir:ir-batch6-3047
7118,ir:ir-batch6-5996
7120,ir:ir-batch6-2227
7152,ir:ir-batch12-127
7156,ir:ir-batch6-5474
7157,ir:496
7160,ir:ir-batch6-4924
7163,ir:ir-batch6-2737
7169,ir:51
7172,ir:ir-batch6-4677
7174,ir:ir-batch6-2864
7192,ir:889
7200,ir:ir-batch6-551
7201,ir:ir-batch6-1895
7202,ir:ir-batch14-112
7206,ir:ir-batch6-4251
7211,ir:ir-batch6-3112
7215,ir:262
7230,ir:ir-batch6-5228
7239,ir:ir-batch6-878
7240,ir:508
7243,ir:ir-batch6-5521
7260,ir:ir-batch6-5589
7268,ir:ir-batch6-2108
7272,ir:ir-batch6-2931
7280,ir:ir-batch6-258
7286,ir:ir-batch6-4558
7291,ir:ir-batch6-5031
7295,ir:ir-batch6-3171
7298,ir:ir-batch6-2418
7300,ir:ir-batch6-4232
7304,ir:842
7309,ir:ir-batch6-532
7325,ir:ir-batch6-5225
7330,ir:ir-batch6-2166
7334,ir:ir-batch6-875
7335,ir:505
7344,ir:ir-batch6-5866
7345,ir:884
7347,ir:ir-batch6-1009
7348,ir:ir-batch6-4536
7359,ir:ir-batch6-1898
7369,ir:ir-batch6-5735
7375,ir:ir-batch6-4555
7383,ir:ir-batch6-1853
7389,ir:ir-batch6-3945
7408,ir:ir-batch6-2994
7412,ir:ir-batch6-5584
7418,ir:26670
7421,ir:ir-batch6-5246
7425,ir:ir-batch6-1638
7432,ir:ir-batch6-4307
7434,ir:ir-batch6-3044
7439,ir:ir-batch6-5995
7448,ir:ir-batch6-6211
7468,ir:ir-batch6-4617
7475,ir:ir-batch6-986
7480,ir:ir-batch6-4944
7484,ir:ir-batch12-147
7493,ir:ir-batch6-6008
7495,ir:ir-batch6-2867
7502,ir:ir-batch12-124
7506,ir:ir-batch6-4927
7507,ir:495
7518,ir:914
7520,ir:ir-batch6-464
7523,ir:ir-batch6-3027
7533,ir:ir-batch6-4364
7547,ir:647
7557,ir:453
7561,ir:391
7564,ir:ir-batch6-6066
7566,ir:ir-batch6-5373
7568,ir:ir-batch6-2030
7586,ir:339
7589,ir:ir-batch6-2098
7590,ir:ir-batch13-132
7596,ir:ir-batch6-2520
7599,ir:ir-batch6-3049
7602,ir:ir-batch6-5663
7605,ir:681
7606,ir:ir-batch6-5998
7616,ir:ir-batch6-5109
7626,ir:ir-batch6-5930
7633,ir:ir-batch6-5600
7643,ir:ir-batch6-4369
7645,ir:ir-batch6-5953
7646,ir:ir-batch6-2229
7652,ir:ir-batch7-101
7656,ir:ir-batch6-1905
7658,ir:ir-batch6-3740
7661,ir:ir-batch6-3082
7663,ir:ir-batch12-181
7667,ir:ir-batch6-4679
7673,ir:ir-batch6-5310
7677,ir:430
7678,ir:ir-batch6-4982
7680,ir:ir-batch6-179
7685,ir:ir-batch12-129
7689,ir:498
7694,ir:ir-batch6-2739
7702,ir:ir-batch6-5084
7705,ir:ir-batch6-5746
7709,ir:ir-batch6-2405
7718,ir:ir-batch6-1843
7728,ir:26660
7733,ir:ir-batch6-6143
7737,ir:ir-batch6-5594
7752,ir:ir-batch6-4055
7757,ir:515
7761,ir:ir-batch6-5235
7763,ir:ir-batch6-6120
7766,ir:ir-batch6-1263
7768,ir:ir-batch6-2176
7802,ir:ir-batch6-5725
7805,ir:ir-batch6-1888
7815,ir:ir-batch6-1820
7823,ir:ir-batch6-5876
7835,ir:ir-batch6-2921
7842,ir:ir-batch6-5599
7848,ir:211
7854,ir:ir-batch6-5531
7867,ir:ir-batch6-5089
7874,ir:ir-batch6-3958
7876,ir:ir-batch6-2408
7889,ir:ir-batch6-5021
7891,ir:ir-batch6-248
7893,ir:701
7902,ir:ir-batch6-5728
7904,ir:ir-batch6-3102
7907,ir:ir-batch6-541
7911,ir:ir-batch6-4583
7915,ir:ir-batch6-3993
7919,ir:ir-batch6-5042
7927,ir:899
7932,ir:ir-batch6-4093
7936,ir:ir-batch6-2942
7959,ir:ir-batch6-6185
7960,ir:272
7961,ir:ir-batch6-5290
7964,ir:ir-batch6-3092
7968,ir:ir-batch6-5943
7971,ir:ir-batch6-3750
7979,ir:ir-batch6-1915
7982,ir:ir-batch6-5610
7998,ir:488
8001,ir:ir-batch6-4103
8007,ir:ir-batch6-603
8010,ir:ir-batch6-4992
8016,ir:ir-batch6-4669
8018,ir:ir-batch6-2043
8020,ir:ir-batch6-1356
8024,ir:ir-batch6-6015
8032,ir:84
8047,ir:ir-batch6-6076
8049,ir:ir-batch6-2819
8050,ir:ir-batch6-5363
8054,ir:ir-batch6-2020
8059,ir:ir-batch6-933
8060,ir:443
8061,ir:ir-batch6-5119
8066,ir:ir-batch6-3733
8069,ir:ir-batch6-5920
8076,ir:ir-batch6-370
8084,ir:ir-batch6-2530
8086,ir:ir-batch13-122
8091,ir:ir-batch6-5673
8092,ir:691
8095,ir:ir-batch6-3059
8098,ir:485
8109,ir:ir-batch12-134
8110,ir:347
8118,ir:ir-batch6-4664
8121,ir:ir-batch6-6018
8122,ir:ir-batch6-2877
8140,ir:195
8142,ir:ir-batch6-1918
8143,ir:ir-batch6-6262
8148,ir:ir-batch6-3037
8152,ir:ir-batch6-4374
8156,ir:ir-batch6-1189
8158,ir:ir-batch6-474
8161,ir:ir-batch6-5114
8164,ir:ir-batch6-6201
8168,ir:ir-batch6-1142
8173,ir:634
8177,ir:ir-batch6-5985
8185,ir:ir-batch6-3054
8194,ir:ir-batch6-996
8199,ir:ir-batch6-4954
8203,ir:ir-batch6-5404
8211,ir:ir-batch6-4607
8214,ir:21
8221,ir:ir-batch6-4382
8225,ir:ir-batch6-5910
8230,ir:ir-batch6-5129
8234,ir:ir-batch6-3069
8237,ir:ir-batch6-5643
8250,ir:163
8251,ir:ir-batch6-192
8253,ir:ir-batch6-4969
8264,ir:ir-batch6-2881
8271,ir:ir-batch6-2010
8278,ir:ir-batch6-5353
8280,ir:ir-batch6-5398
8290,ir:ir-batch6-4133
8304,ir:ir-batch6-2073
8308,ir:ir-batch6-4659
8312,ir:ir-batch6-960
8319,ir:ir-batch7-121
8322,ir:ir-batch6-1925
8323,ir:ir-batch6-3760
8332,ir:ir-batch6-4423
8339,ir:100
8353,ir:ir-batch6-5620
8360,ir:ir-batch6-4964
8377,ir:ir-batch6-4637
8390,ir:ir-batch6-1172
8396,ir:ir-batch6-5124
8399,ir:ir-batch6-6231
8404,ir:ir-batch6-3064
8421,ir:ir-batch6-1928
8431,ir:ir-batch6-5685
8433,ir:ir-batch6-1980
8434,ir:ir-batch6-4486
8440,ir:ir-batch6-3007
8446,ir:ir-batch6-5395
8448,ir:ir-batch6-6080
8459,ir:ir-batch6-4907
8468,ir:ir-batch6-2847
8470,ir:ir-batch6-4654
8472,ir:72
8479,ir:ir-batch6-5715
8486,ir:ir-batch6-3906
8489,ir:ir-batch6-5846
8492,ir:ir-batch6-1029
8494,ir:ir-batch6-4516
8502,ir:ir-batch6-216
8506,ir:26633
8507,ir:ir-batch6-2146
8510,ir:ir-batch6-5205
8515,ir:525
8516,ir:ir-batch6-4897
8519,ir:ir-batch6-855
8521,ir:ir-batch6-706
8535,ir:ir-batch6-836
8539,ir:546
8541,ir:ir-batch6-5266
8543,ir:284
8544,ir:ir-batch6-6173
8547,ir:ir-batch6-1230
8550,ir:26650
8563,ir:ir-batch6-765
8567,ir:ir-batch6-2435
8570,ir:ir-batch6-1720
8577,ir:ir-batch6-5776
8594,ir:ir-batch6-4575
8606,ir:ir-batch6-5208
8607,ir:ir-batch6-2972
8613,ir:ir-batch6-858
8619,ir:242
8622,ir:ir-batch6-4832
8625,ir:ir-batch6-5562
8627,ir:580
8631,ir:ir-batch6-2399
8636,ir:ir-batch6-5718
8642,ir:ir-batch6-2331
8645,ir:ir-batch6-1024
8649,ir:ir-batch6-3658
8662,ir:ir-batch6-3968
8670,ir:ir-batch6-3151
8675,ir:ir-batch6-5880
8676,ir:ir-batch6-1785
8683,ir:ir-batch6-5011
8689,ir:ir-batch6-5828
8693,ir:ir-batch6-4578
8696,ir:ir-batch6-2911
8697,ir:289
8714,ir:ir-batch6-4068
8715,ir:ir-batch6-5501
8720,ir:221
8722,ir:ir-batch6-768
8723,ir:ir-batch6-2180
8730,ir:ir-batch6-3017
8735,ir:924
8736,ir:ir-batch6-4496
8740,ir:677
8741,ir:ir-batch6-5695
8744,ir:ir-batch6-5157
8747,ir:ir-batch6-6242
8752,ir:ir-batch6-2214
8758,ir:ir-batch6-2857
8764,ir:62
8765,ir:ir-batch6-4644
8774,ir:ir-batch6-4917
8775,ir:ir-batch6-5385
8777,ir:ir-batch6-6090
8780,ir:ir-batch12-114
8782,ir:ir-batch6-4627
8810,ir:ir-batch6-2767
8812,ir:ir-batch6-1472
8822,ir:ir-batch6-3074
8840,ir:ir-batch6-5134
8842,ir:ir-batch6-6221
8848,ir:ir-batch6-970
8852,ir:400
8858,ir:ir-batch6-5320
8860,ir:ir-batch6-4649
8863,ir:ir-batch6-2063
8869,ir:ir-batch6-2709
8882,ir:ir-batch12-119
8888,ir:ir-batch6-1666
8894,ir:ir-batch6-5630
8905,ir:ir-batch6-5698
8907,ir:ir-batch6-3770
8914,ir:ir-batch6-4433
8921,ir:ir-batch6-5191
8922,ir:ir-batch6-5653
8927,ir:ir-batch6-3079
8937,ir:ir-batch6-5900
8941,ir:ir-batch6-5139
8952,ir:ir-batch6-4392
8957,ir:ir-batch6-6056
8965,ir:ir-batch6-5481
8966,ir:ir-batch6-913
8969,ir:ir-batch6-4682
8970,ir:ir-batch6-2891
8973,ir:ir-batch6-640
8977,ir:ir-batch6-5429
8982,ir:ir-batch6-4979
8985,ir:ir-batch6-4140
8989,ir:ir-batch6-5001
8991,ir:ir-batch6-4568
8994,ir:ir-batch6-5838
8996,ir:ir-batch6-1057
9001,ir:ir-batch6-502
9013,ir:ir-batch6-3141
9020,ir:ir-batch6-1285
9024,ir:ir-batch6-4078
9030,ir:ir-batch6-4841
9033,ir:ir-batch6-5511
9038,ir:ir-batch6-2901
9049,ir:ir-batch6-5572
9050,ir:590
9057,ir:ir-batch6-1524
9063,ir:26686
9066,ir:538
9076,ir:ir-batch6-5218
9077,ir:ir-batch6-2962
9084,ir:742
9093,ir:ir-batch6-1034
9098,ir:ir-batch6-5062
9107,ir:ir-batch6-5708
9117,ir:ir-batch14-122
9120,ir:ir-batch6-561
9127,ir:ir-batch6-4075
9137,ir:294
9143,ir:ir-batch6-2135
9151,ir:ir-batch6-1863
9156,ir:ir-batch6-5835
9157,ir:ir-batch6-4565
9180,ir:ir-batch6-4506
9181,ir:ir-batch6-5856
9186,ir:ir-batch6-1800
9192,ir:ir-batch6-5705
9200,ir:ir-batch6-1753
9219,ir:535
9220,ir:ir-batch11-107
9221,ir:ir-batch6-845
9227,ir:ir-batch6-1243
9228,ir:ir-batch6-2156
9230,ir:ir-batch6-5215
9234,ir:ir-batch6-6100
9237,ir:ir-batch6-1889
9251,ir:ir-batch6-5877
9258,ir:ir-batch6-1821
9274,ir:ir-batch6-2177
9276,ir:ir-batch6-5234
9282,ir:ir-batch6-864
9287,ir:ir-batch6-6189
9301,ir:ir-batch6-807
9304,ir:ir-batch6-5595
9314,ir:26661
9316,ir:ir-batch6-4054
9319,ir:ir-batch6-3317
9327,ir:ir-batch6-3954
9335,ir:ir-batch6-5747
9336,ir:ir-batch6-5085
9345,ir:ir-batch6-1842
9354,ir:ir-batch6-4750
9364,ir:519
9374,ir:ir-batch6-5553
9381,ir:ir-batch6-4582
9384,ir:ir-batch6-540
9387,ir:ir-batch6-3103
9391,ir:ir-batch6-5729
9402,ir:898
9410,ir:ir-batch6-5043
9420,ir:ir-batch6-4223
9433,ir:700
9444,ir:ir-batch6-1076
9446,ir:ir-batch6-4549
9452,ir:ir-batch6-5598
9453,ir:ir-batch6-2920
9455,ir:ir-batch6-3470
9464,ir:ir-batch6-1566
9466,ir:ir-batch6-2673
9469,ir:ir-batch6-5530
9476,ir:210
9484,ir:638
9494,ir:ir-batch6-3732
9497,ir:ir-batch6-5118
9501,ir:ir-batch6-3058
9504,ir:ir-batch6-5672
9509,ir:ir-batch6-3861
9516,ir:ir-batch6-5989
9521,ir:ir-batch6-4958
9537,ir:ir-batch6-932
9542,ir:ir-batch6-2021
9547,ir:ir-batch6-6077
9551,ir:ir-batch6-5362
9561,ir:ir-batch6-4102
9566,ir:489
9572,ir:ir-batch6-6014
9576,ir:ir-batch6-2042
9577,ir:ir-batch6-1357
9579,ir:ir-batch6-4668
9584,ir:ir-batch6-4993
9591,ir:ir-batch6-1914
9600,ir:ir-batch6-5942
9607,ir:ir-batch6-3093
9608,ir:ir-batch6-478
9614,ir:908
9626,ir:ir-batch6-5611
9632,ir:ir-batch6-5405
9633,ir:ir-batch6-4955
9640,ir:ir-batch6-997
9644,ir:ir-batch6-2084
9646,ir:325
9651,ir:ir-batch6-4606
9672,ir:ir-batch6-5115
9688,ir:ir-batch6-5984
9694,ir:ir-batch6-5176
9696,ir:ir-batch6-6263
9697,ir:ir-batch6-1919
9699,ir:194
9710,ir:656
9713,ir:13696
9725,ir:ir-batch6-3036
9730,ir:346
9733,ir:ir-batch12-135
9739,ir:484
9741,ir:ir-batch6-5466
9746,ir:ir-batch6-6019
9748,ir:ir-batch6-2876
9750,ir:ir-batch6-4665
9765,ir:ir-batch6-5030
9767,ir:ir-batch6-4559
9775,ir:ir-batch6-259
9779,ir:ir-batch6-533
9786,ir:ir-batch6-3949
9787,ir:ir-batch6-4233
9798,ir:200
9810,ir:ir-batch6-5520
9816,ir:ir-batch6-2930
9823,ir:ir-batch6-2109
9828,ir:ir-batch6-5588
9842,ir:263
9844,ir:ir-batch6-5281
9845,ir:509
9847,ir:ir-batch6-879
9850,ir:ir-batch6-5229
9860,ir:ir-batch6-3982
9880,ir:ir-batch6-3113
9885,ir:ir-batch6-4592
9886,ir:ir-batch14-113
9887,ir:ir-batch6-1894
9888,ir:ir-batch6-550
9891,ir:ir-batch6-2995
9892,ir:ir-batch6-744
9894,ir:22974
9904,ir:ir-batch6-5247
9908,ir:ir-batch6-1211
9910,ir:ir-batch6-2104
9911,ir:26671
9915,ir:ir-batch6-5585
9916,ir:ir-batch6-1852
9926,ir:ir-batch6-4554
9931,ir:ir-batch6-254
9933,ir:ir-batch6-5095
9942,ir:ir-batch6-5757
9943,ir:ir-batch6-237
9948,ir:ir-batch6-4537
9953,ir:885
9959,ir:ir-batch6-1831
9963,ir:ir-batch6-5734
9971,ir:ir-batch6-1762
9973,ir:ir-batch6-1899
9990,ir:ir-batch6-727
9994,ir:504
9996,ir:ir-batch6-874
10001,ir:ir-batch6-2167
10004,ir:ir-batch6-5224
10013,ir:ir-batch6-4365
10016,ir:ir-batch6-3026
10024,ir:915
10031,ir:ir-batch6-1909
10032,ir:184
10039,ir:ir-batch6-1488
10044,ir:ir-batch6-6009
10047,ir:ir-batch6-2866
10053,ir:ir-batch6-4675
10058,ir:ir-batch6-1420
10062,ir:494
10063,ir:ir-batch6-5476
10064,ir:21303
10065,ir:ir-batch6-4926
10071,ir:ir-batch6-4616
10078,ir:ir-batch6-2805
10080,ir:ir-batch6-116
10084,ir:ir-batch12-146
10087,ir:ir-batch6-4945
10090,ir:ir-batch6-5415
10092,ir:ir-batch6-987
10093,ir:ir-batch6-2756
10098,ir:ir-batch6-5994
10102,ir:ir-batch6-3045
10127,ir:ir-batch6-6210
10133,ir:ir-batch6-2790
10134,ir:ir-batch6-4983
10135,ir:ir-batch6-178
10137,ir:431
10140,ir:ir-batch6-6004
10142,ir:ir-batch6-5311
10144,ir:ir-batch6-4678
10147,ir:ir-batch12-180
10152,ir:23572
10161,ir:499
10165,ir:ir-batch12-128
10168,ir:ir-batch6-4368
10177,ir:ir-batch6-5601
10186,ir:918
10190,ir:ir-batch6-3083
10192,ir:ir-batch6-3741
10195,ir:ir-batch7-100
10196,ir:ir-batch6-1904
10204,ir:ir-batch6-2228
10206,ir:ir-batch6-5952
10208,ir:ir-batch6-5999
10212,ir:ir-batch6-5662
10218,ir:ir-batch6-3048
10221,ir:ir-batch6-1634
10224,ir:ir-batch13-133
10226,ir:ir-batch6-5931
10232,ir:ir-batch6-5108
10244,ir:ir-batch6-2031
10246,ir:ir-batch6-1324
10251,ir:390
10252,ir:ir-batch6-5372
10257,ir:452
10260,ir:ir-batch6-922
10264,ir:338
10269,ir:ir-batch6-5418
10285,ir:ir-batch6-3075
10294,ir:ir-batch6-5135
10296,ir:ir-batch6-6220
10313,ir:ir-batch6-126
10320,ir:ir-batch6-4626
10330,ir:ir-batch6-5425
10333,ir:ir-batch6-4975
10339,ir:ir-batch6-4645
10341,ir:63
10345,ir:ir-batch6-3506
10353,ir:ir-batch12-115
10354,ir:ir-batch6-5384
10383,ir:ir-batch6-2215
10387,ir:ir-batch6-5156
10390,ir:ir-batch6-6243
10391,ir:ir-batch6-1939
10393,ir:676
10395,ir:ir-batch6-5694
10401,ir:462
10409,ir:ir-batch6-5342
10423,ir:ir-batch6-183
10425,ir:ir-batch6-4978
10428,ir:ir-batch6-5428
10431,ir:ir-batch6-2890
10432,ir:308
10434,ir:ir-batch6-4683
10435,ir:ir-batch13-103
10443,ir:ir-batch6-3078
10446,ir:ir-batch6-5652
10450,ir:ir-batch6-5190
10459,ir:ir-batch6-5138
10466,ir:ir-batch6-5901
10475,ir:ir-batch6-5631
10489,ir:ir-batch6-2218
10491,ir:ir-batch6-5962
10495,ir:ir-batch7-130
10498,ir:ir-batch6-1934
10505,ir:ir-batch6-5699
10512,ir:ir-batch6-2062
10517,ir:ir-batch6-4648
10521,ir:ir-batch6-6034
10527,ir:401
10530,ir:ir-batch12-118
10532,ir:ir-batch6-5389
10552,ir:ir-batch6-5063
10564,ir:743
10565,ir:ir-batch6-560
10567,ir:ir-batch14-123
10583,ir:ir-batch6-5709
10595,ir:ir-batch6-5573
10598,ir:ir-batch6-3433
10600,ir:ir-batch6-2963
10601,ir:ir-batch6-5219
10607,ir:ir-batch6-849
10608,ir:ir-batch6-2698
10612,ir:539
10614,ir:ir-batch6-5510
10615,ir:ir-batch6-4840
10622,ir:ir-batch6-882
10634,ir:ir-batch6-2900
10641,ir:ir-batch6-1794
10643,ir:ir-batch6-5839
10649,ir:ir-batch6-4569
10654,ir:ir-batch6-5000
10671,ir:873
10673,ir:ir-batch6-3682
10680,ir:ir-batch6-1528
10691,ir:ir-batch6-5214
10700,ir:ir-batch6-2157
10706,ir:534
10707,ir:ir-batch11-106
10708,ir:ir-batch6-4886
10710,ir:ir-batch6-1801
10715,ir:ir-batch6-5857
10717,ir:ir-batch6-1038
10718,ir:ir-batch6-4507
10724,ir:ir-batch6-2447
10733,ir:ir-batch6-5704
10743,ir:ir-batch6-4564
10745,ir:ir-batch6-5834
10748,ir:ir-batch6-1862
10772,ir:ir-batch6-4074
10786,ir:ir-batch6-1221
10792,ir:295
10797,ir:ir-batch6-5689
10809,ir:ir-batch6-2208
10814,ir:ir-batch7-120
10816,ir:ir-batch6-1924
10820,ir:ir-batch6-5621
10832,ir:101
10840,ir:ir-batch6-4132
10850,ir:ir-batch6-5399
10858,ir:ir-batch6-4658
10862,ir:ir-batch6-2072
10866,ir:ir-batch6-6024
10870,ir:ir-batch6-2880
10893,ir:ir-batch6-5352
10899,ir:ir-batch6-2011
10907,ir:472
10908,ir:ir-batch6-5128
10916,ir:ir-batch6-5911
10924,ir:162
10925,ir:ir-batch6-5180
10932,ir:ir-batch6-3851
10937,ir:ir-batch6-3068
10941,ir:ir-batch6-4906
10949,ir:ir-batch6-5394
10951,ir:ir-batch6-6081
10956,ir:73
10957,ir:ir-batch6-4655
10962,ir:ir-batch6-2846
10965,ir:ir-batch6-697
10979,ir:ir-batch6-5146
10981,ir:ir-batch6-6253
10982,ir:ir-batch6-1929
10990,ir:ir-batch6-3006
10997,ir:ir-batch6-4487
11003,ir:ir-batch6-5125
11029,ir:ir-batch6-3065
11041,ir:ir-batch6-2776
11044,ir:ir-batch6-4965
11048,ir:ir-batch6-5435
11055,ir:ir-batch6-4636
11069,ir:ir-batch6-5777
11075,ir:ir-batch6-1721
11078,ir:ir-batch6-4574
11088,ir:ir-batch6-1789
11090,ir:ir-batch6-1231
11091,ir:26651
11095,ir:ir-batch6-5267
11097,ir:ir-batch6-6172
11098,ir:285
11100,ir:547
11106,ir:ir-batch6-837
11126,ir:ir-batch6-4896
11127,ir:524
11132,ir:ir-batch6-5204
11134,ir:ir-batch6-6111
11141,ir:ir-batch6-2147
11142,ir:26632
11147,ir:ir-batch6-1538
11156,ir:ir-batch6-3486
11170,ir:ir-batch6-5714
11186,ir:ir-batch6-5847
11187,ir:ir-batch6-1028
11197,ir:ir-batch6-2910
11199,ir:288
11201,ir:ir-batch6-2181
11205,ir:220
11206,ir:ir-batch6-4850
11208,ir:ir-batch6-5500
11212,ir:ir-batch6-892
11213,ir:ir-batch6-4069
11214,ir:ir-batch6-1556
11228,ir:ir-batch6-3969
11229,ir:ir-batch6-4213
11235,ir:ir-batch6-4579
11237,ir:ir-batch6-5829
11240,ir:ir-batch6-1046
11262,ir:ir-batch6-5719
11269,ir:ir-batch6-2398
11282,ir:ir-batch6-3659
11286,ir:ir-batch6-1025
11293,ir:ir-batch6-2973
11294,ir:ir-batch6-5209
11297,ir:ir-batch6-3423
11305,ir:ir-batch6-5563
11309,ir:ir-batch6-4833
11312,ir:243
11318,ir:ir-batch6-3005
11334,ir:665
11336,ir:ir-batch6-2206
11338,ir:ir-batch6-1113
11347,ir:ir-batch6-5145
11353,ir:ir-batch6-4656
11361,ir:ir-batch6-4905
11364,ir:ir-batch6-5455
11374,ir:375
11375,ir:ir-batch6-6082
11376,ir:ir-batch6-5397
11389,ir:ir-batch6-4635
11395,ir:316
11409,ir:ir-batch6-4966
11424,ir:ir-batch6-3066
11426,ir:ir-batch6-6233
11428,ir:ir-batch6-5126
11439,ir:412
11449,ir:ir-batch6-2848
11452,ir:ir-batch6-6027
11455,ir:ir-batch6-3518
11468,ir:ir-batch6-4131
11477,ir:ir-batch6-5622
11481,ir:ir-batch6-3008
11491,ir:102
11504,ir:ir-batch6-1927
11505,ir:ir-batch7-123
11518,ir:ir-batch6-4328
11527,ir:ir-batch6-5641
11533,ir:ir-batch6-1944
11538,ir:ir-batch6-5912
11552,ir:ir-batch6-4638
11563,ir:ir-batch6-2883
11572,ir:ir-batch6-2778
11590,ir:ir-batch10-103
11597,ir:ir-batch6-5882
11599,ir:860
11604,ir:ir-batch6-5779
11614,ir:ir-batch6-2182
11615,ir:223
11618,ir:ir-batch6-5503
11621,ir:ir-batch6-4853
11633,ir:ir-batch6-5269
11634,ir:ir-batch6-2913
11637,ir:549
11649,ir:ir-batch6-1536
11652,ir:582
11655,ir:ir-batch6-5560
11658,ir:240
11661,ir:ir-batch6-4898
11667,ir:ir-batch6-4763
11670,ir:ir-batch6-2149
11684,ir:ir-batch6-4519
11686,ir:ir-batch6-1026
11689,ir:ir-batch6-5849
11692,ir:ir-batch6-3909
11711,ir:ir-batch6-4067
11714,ir:ir-batch6-1558
11719,ir:26652
11724,ir:ir-batch6-1232
11728,ir:286
11731,ir:ir-batch6-5264
11734,ir:544
11740,ir:ir-batch6-4577
11743,ir:ir-batch6-5827
11750,ir:ir-batch6-1871
11764,ir:ir-batch6-3967
11779,ir:ir-batch6-5844
11781,ir:ir-batch6-4514
11788,ir:ir-batch6-3904
11790,ir:ir-batch6-5717
11795,ir:ir-batch6-1083
11810,ir:ir-batch6-704
11814,ir:ir-batch6-857
11816,ir:ir-batch6-4895
11822,ir:ir-batch6-2144
11826,ir:ir-batch6-4390
11834,ir:ir-batch6-5902
11836,ir:ir-batch6-2278
11846,ir:ir-batch6-4338
11852,ir:ir-batch6-5651
11855,ir:ir-batch6-5193
11862,ir:ir-batch6-2768
11870,ir:ir-batch6-180
11872,ir:ir-batch6-2893
11874,ir:ir-batch12-178
11876,ir:ir-batch6-4680
11882,ir:ir-batch6-6054
11887,ir:ir-batch6-2002
11890,ir:ir-batch6-4628
11897,ir:ir-batch6-4918
11905,ir:ir-batch6-4121
11915,ir:ir-batch6-2061
11919,ir:ir-batch6-689
11921,ir:ir-batch6-2858
11927,ir:402
11930,ir:20344
11934,ir:ir-batch6-5961
11946,ir:ir-batch6-331
11953,ir:ir-batch6-4499
11955,ir:112
11963,ir:ir-batch6-5632
11970,ir:ir-batch6-2571
11975,ir:ir-batch6-1470
11977,ir:ir-batch6-2765
11978,ir:ir-batch6-4976
11979,ir:ir-batch6-5426
11998,ir:ir-batch6-6059
12000,ir:ir-batch6-4625
12006,ir:ir-batch6-1959
12007,ir:ir-batch6-6223
12013,ir:ir-batch6-2275
12023,ir:ir-batch6-3076
12040,ir:ir-batch6-5155
12041,ir:ir-batch6-5697
12042,ir:675
12044,ir:926
12045,ir:ir-batch6-4494
12047,ir:ir-batch6-1992
12052,ir:ir-batch6-3015
12061,ir:ir-batch12-116
12062,ir:365
12069,ir:ir-batch6-4915
12075,ir:60
12078,ir:ir-batch6-4646
12082,ir:ir-batch6-3505
12100,ir:ir-batch6-5707
12109,ir:ir-batch6-5854
12115,ir:ir-batch6-6102
12117,ir:ir-batch6-5217
12120,ir:ir-batch6-2154
12121,ir:26621
12122,ir:ir-batch6-1241
12124,ir:ir-batch6-847
12127,ir:ir-batch6-4885
12128,ir:ir-batch11-105
12129,ir:537
12135,ir:ir-batch6-4014
12146,ir:554
12151,ir:26642
12153,ir:ir-batch6-2137
12155,ir:ir-batch6-1222
12174,ir:ir-batch6-4077
12179,ir:ir-batch6-5764
12189,ir:ir-batch6-3977
12202,ir:ir-batch6-5837
12204,ir:ir-batch6-4567
12214,ir:ir-batch6-2159
12217,ir:ir-batch6-4773
12222,ir:ir-batch11-108
12227,ir:ir-batch6-3498
12230,ir:26684
12235,ir:ir-batch6-1526
12239,ir:ir-batch6-5570
12242,ir:ir-batch6-4820
12260,ir:ir-batch6-5060
12268,ir:ir-batch6-5859
12270,ir:ir-batch6-4509
12273,ir:740
12278,ir:ir-batch6-5769
12288,ir:ir-batch6-5892
12289,ir:870
12294,ir:ir-batch6-1797
12295,ir:ir-batch6-1055
12302,ir:ir-batch6-5003
12319,ir:ir-batch6-2903
12320,ir:ir-batch6-3339
12321,ir:ir-batch6-4843
12324,ir:ir-batch6-5513
12325,ir:ir-batch6-881
12350,ir:ir-batch6-1851
12359,ir:ir-batch6-257
12365,ir:ir-batch6-6151
12368,ir:ir-batch6-5244
12372,ir:26672
12376,ir:ir-batch6-5586
12377,ir:564
12392,ir:ir-batch6-3304
12396,ir:507
12397,ir:ir-batch6-877
12400,ir:ir-batch6-2164
12406,ir:ir-batch6-5227
12423,ir:ir-batch6-5737
12428,ir:ir-batch6-1761
12435,ir:ir-batch6-234
12439,ir:ir-batch6-5864
12442,ir:ir-batch6-4534
12446,ir:ir-batch6-1832
12452,ir:ir-batch6-5249
12453,ir:ir-batch6-2933
12455,ir:ir-batch6-3463
12458,ir:ir-batch6-4720
12461,ir:ir-batch6-819
12470,ir:203
12473,ir:ir-batch6-4788
12479,ir:ir-batch6-5523
12485,ir:ir-batch6-530
12491,ir:ir-batch6-4230
12492,ir:ir-batch6-5759
12495,ir:ir-batch6-3173
12497,ir:ir-batch6-5033
12504,ir:ir-batch6-1065
12508,ir:ir-batch6-4298
12514,ir:ir-batch6-3110
12519,ir:ir-batch6-3929
12525,ir:ir-batch6-4591
12529,ir:ir-batch6-1897
12531,ir:ir-batch6-239
12534,ir:ir-batch6-3981
12536,ir:ir-batch6-4539
12540,ir:ir-batch6-5869
12547,ir:ir-batch6-5050
12563,ir:ir-batch6-2950
12568,ir:ir-batch6-5540
12571,ir:ir-batch6-2603
12577,ir:ir-batch6-5282
12578,ir:260
12583,ir:ir-batch6-3080
12585,ir:ir-batch6-1907
12591,ir:ir-batch7-103
12594,ir:ir-batch6-3742
12596,ir:ir-batch6-5951
12609,ir:ir-batch6-5602
12612,ir:ir-batch6-3028
12624,ir:ir-batch6-4928
12632,ir:ir-batch6-1486
12634,ir:432
12635,ir:ir-batch6-4980
12637,ir:ir-batch6-2868
12638,ir:ir-batch6-5312
12643,ir:ir-batch12-183
12645,ir:ir-batch6-2051
12650,ir:ir-batch12-148
12660,ir:ir-batch6-989
12664,ir:ir-batch6-2758
12667,ir:ir-batch6-4618
12670,ir:ir-batch6-2032
12672,ir:ir-batch6-5371
12675,ir:ir-batch6-6064
12677,ir:393
12682,ir:451
12690,ir:ir-batch6-5932
12696,ir:ir-batch6-1964
12710,ir:ir-batch6-5661
12712,ir:ir-batch6-3872
12713,ir:ir-batch6-4308
12720,ir:ir-batch6-1637
12731,ir:497
12734,ir:ir-batch12-126
12761,ir:ir-batch6-2226
12766,ir:ir-batch6-4366
12786,ir:ir-batch6-6213
12790,ir:626
12797,ir:ir-batch6-5997
12804,ir:ir-batch6-3046
12810,ir:ir-batch12-145
12812,ir:336
12816,ir:ir-batch6-4946
12822,ir:ir-batch6-984
12825,ir:33
12832,ir:ir-batch6-6069
12845,ir:ir-batch6-5040
12851,ir:ir-batch6-5782
12856,ir:ir-batch6-4581
12857,ir:ir-batch14-100
12858,ir:ir-batch6-1887
12859,ir:ir-batch6-543
12862,ir:ir-batch6-3100
12871,ir:ir-batch6-4243
12875,ir:270
12876,ir:ir-batch6-6187
12888,ir:ir-batch6-4039
12890,ir:ir-batch6-2179
12893,ir:ir-batch6-4753
12908,ir:ir-batch6-1565
12916,ir:213
12930,ir:ir-batch6-2923
12934,ir:ir-batch6-4288
12935,ir:703
12941,ir:ir-batch6-5023
12954,ir:ir-batch6-5749
12962,ir:850
12980,ir:ir-batch6-2174
12986,ir:ir-batch6-5237
12991,ir:517
13000,ir:896
13019,ir:ir-batch6-5727
13029,ir:ir-batch6-4285
13048,ir:ir-batch6-5744
13051,ir:ir-batch6-5086
13056,ir:ir-batch6-4057
13070,ir:ir-batch6-5596
13071,ir:574
13074,ir:ir-batch6-6141
13082,ir:26662
13094,ir:ir-batch6-3794
13098,ir:636
13113,ir:ir-batch6-5116
13127,ir:ir-batch6-4956
13129,ir:ir-batch6-5406
13131,ir:ir-batch6-994
13140,ir:ir-batch6-2875
13154,ir:ir-batch12-136
13161,ir:ir-batch6-5465
13165,ir:487
13169,ir:ir-batch6-476
13178,ir:ir-batch6-4376
13183,ir:ir-batch6-3035
13185,ir:ir-batch6-6260
13210,ir:ir-batch6-931
13213,ir:ir-batch6-2022
13217,ir:ir-batch6-5361
13219,ir:ir-batch6-6074
13222,ir:383
13243,ir:693
13244,ir:ir-batch6-5671
13253,ir:ir-batch6-3862
13261,ir:151
13262,ir:ir-batch6-3799
13282,ir:ir-batch6-3731
13294,ir:ir-batch6-3038
13298,ir:ir-batch6-5612
13300,ir:ir-batch6-3752
13301,ir:ir-batch6-1917
13304,ir:ir-batch6-5178
13310,ir:ir-batch6-5941
13313,ir:ir-batch6-3090
13321,ir:ir-batch6-2878
13322,ir:ir-batch6-5302
13324,ir:ir-batch6-6017
13329,ir:ir-batch6-2041
13333,ir:ir-batch6-1496
13336,ir:ir-batch6-4990
13339,ir:348
13340,ir:ir-batch6-4101
13343,ir:ir-batch6-4938
13346,ir:ir-batch6-5468
13350,ir:ir-batch6-6218
13356,ir:ir-batch6-5934
13376,ir:ir-batch6-3874
13377,ir:ir-batch13-136
13379,ir:ir-batch6-5667
13395,ir:ir-batch6-3237
13397,ir:ir-batch6-5377
13401,ir:395
13404,ir:ir-batch6-2034
13408,ir:ir-batch6-927
13409,ir:457
13425,ir:ir-batch6-4986
13426,ir:434
13428,ir:ir-batch6-2795
13437,ir:ir-batch6-5314
13439,ir:ir-batch6-6001
13442,ir:ir-batch6-3086
13450,ir:ir-batch6-5957
13452,ir:ir-batch6-1138
13457,ir:ir-batch6-3744
13459,ir:ir-batch6-1901
13464,ir:ir-batch6-5604
13467,ir:ir-batch13-155
13479,ir:330
13480,ir:ir-batch12-143
13492,ir:ir-batch6-4940
13501,ir:398
13507,ir:ir-batch6-2039
13515,ir:ir-batch6-6215
13517,ir:ir-batch6-5100
13519,ir:ir-batch6-4469
13521,ir:ir-batch6-5939
13535,ir:ir-batch6-5991
13544,ir:ir-batch6-3040
13547,ir:688
13557,ir:ir-batch6-1135
13567,ir:ir-batch6-3749
13569,ir:ir-batch6-5609
13573,ir:ir-batch6-4360
13574,ir:ir-batch13-158
13577,ir:910
13581,ir:ir-batch6-460
13583,ir:ir-batch6-5473
13585,ir:491
13587,ir:ir-batch6-4923
13591,ir:ir-batch6-1425
13595,ir:ir-batch12-120
13598,ir:353
13608,ir:56
13613,ir:ir-batch6-4670
13614,ir:ir-batch6-2863
13615,ir:ir-batch6-5319
13617,ir:ir-batch6-3533
13619,ir:ir-batch6-4258
13626,ir:ir-batch6-5731
13645,ir:ir-batch6-4532
13652,ir:ir-batch6-5862
13655,ir:501
13657,ir:ir-batch6-6134
13658,ir:ir-batch6-5221
13660,ir:ir-batch6-4748
13663,ir:26617
13665,ir:ir-batch6-2162
13679,ir:ir-batch6-5289
13685,ir:26674
13693,ir:ir-batch6-5242
13698,ir:ir-batch6-5580
13712,ir:ir-batch6-5528
13719,ir:ir-batch6-4041
13724,ir:ir-batch6-5090
13743,ir:ir-batch6-4551
13745,ir:ir-batch6-5038
13767,ir:ir-batch6-4745
13777,ir:ir-batch6-5546
13780,ir:ir-batch6-5284
13781,ir:266
13787,ir:ir-batch6-4255
13793,ir:ir-batch6-3116
13795,ir:ir-batch6-1891
13798,ir:ir-batch6-4597
13807,ir:ir-batch6-5056
13813,ir:ir-batch6-1000
13820,ir:ir-batch6-536
13822,ir:ir-batch6-3175
13846,ir:26679
13852,ir:ir-batch6-2935
13868,ir:ir-batch6-5525
13876,ir:900
13885,ir:ir-batch6-3033
13888,ir:ir-batch6-5619
13894,ir:ir-batch6-2230
13898,ir:ir-batch6-3759
13911,ir:ir-batch6-4660
13916,ir:ir-batch6-2873
13917,ir:ir-batch6-5309
13924,ir:429
13925,ir:ir-batch6-959
13926,ir:ir-batch6-2788
13929,ir:ir-batch12-130
13932,ir:343
13933,ir:ir-batch6-4933
13937,ir:ir-batch6-5463
13945,ir:ir-batch6-103
13947,ir:ir-batch6-3282
13948,ir:ir-batch6-2810
13956,ir:ir-batch6-2029
13959,ir:ir-batch6-4603
13966,ir:ir-batch6-992
13971,ir:ir-batch6-5400
13974,ir:ir-batch6-4950
13977,ir:ir-batch6-2081
13980,ir:ir-batch6-1394
13984,ir:ir-batch6-4313
13988,ir:698
13991,ir:ir-batch6-3050
13997,ir:ir-batch6-5981
14003,ir:ir-batch6-6205
14005,ir:ir-batch6-5110
14011,ir:ir-batch6-1146
14013,ir:ir-batch6-4479
14017,ir:ir-batch6-2047
14027,ir:ir-batch6-4996
14048,ir:ir-batch6-5614
14056,ir:ir-batch13-145
14058,ir:ir-batch6-5947
14064,ir:ir-batch6-1911
14069,ir:ir-batch6-3754
14070,ir:ir-batch6-3096
14073,ir:ir-batch6-3864
14079,ir:695
14081,ir:ir-batch6-5677
14092,ir:ir-batch6-3737
14095,ir:ir-batch6-6208
14101,ir:ir-batch6-5924
14103,ir:ir-batch6-937
14106,ir:447
14107,ir:ir-batch6-5367
14111,ir:385
14113,ir:ir-batch6-1331
14115,ir:ir-batch6-2024
14132,ir:705
14146,ir:ir-batch6-3165
14153,ir:ir-batch6-4226
14154,ir:856
14158,ir:ir-batch6-526
14161,ir:ir-batch6-5535
14177,ir:215
14182,ir:26669
14188,ir:ir-batch6-2925
14192,ir:276
14194,ir:ir-batch6-6181
14203,ir:ir-batch6-5556
14206,ir:ir-batch6-3416
14207,ir:ir-batch6-6129
14220,ir:ir-batch6-1829
14232,ir:ir-batch6-545
14234,ir:ir-batch6-4587
14241,ir:ir-batch6-3106
14251,ir:ir-batch6-5538
14253,ir:ir-batch6-4051
14261,ir:ir-batch6-2980
14262,ir:218
14264,ir:ir-batch6-5590
14265,ir:572
14268,ir:ir-batch6-2111
14269,ir:26664
14277,ir:ir-batch6-5252
14278,ir:ir-batch6-2928
14280,ir:ir-batch6-4283
14282,ir:ir-batch6-4541
14285,ir:ir-batch6-3602
14287,ir:ir-batch6-5028
14293,ir:ir-batch6-3168
14295,ir:ir-batch6-5742
14298,ir:ir-batch6-3951
14301,ir:ir-batch6-2401
14304,ir:ir-batch6-5080
14307,ir:ir-batch6-1824
14310,ir:ir-batch6-3661
14313,ir:890
14317,ir:ir-batch6-5872
14330,ir:ir-batch6-548
14336,ir:ir-batch6-4248
14360,ir:ir-batch6-6124
14362,ir:ir-batch6-5231
14367,ir:ir-batch6-2172
14370,ir:ir-batch6-1267
14371,ir:ir-batch6-4758
14376,ir:756
14381,ir:ir-batch6-1020
14384,ir:ir-batch6-5076
14386,ir:ir-batch6-1819
14391,ir:ir-batch6-3136
14408,ir:ir-batch6-5566
14409,ir:ir-batch6-4836
14416,ir:246
14425,ir:ir-batch6-6119
14428,ir:ir-batch6-2976
14431,ir:ir-batch6-3426
14433,ir:225
14435,ir:ir-batch6-2184
14442,ir:ir-batch6-4855
14446,ir:ir-batch6-5505
14450,ir:ir-batch6-2915
14454,ir:26659
14455,ir:ir-batch6-1239
14458,ir:ir-batch10-105
14461,ir:ir-batch6-5015
14473,ir:ir-batch6-5884
14474,ir:866
14478,ir:ir-batch6-4216
14490,ir:ir-batch6-3341
14494,ir:ir-batch6-4002
14502,ir:ir-batch6-702
14505,ir:521
14512,ir:ir-batch6-2142
14513,ir:26637
14528,ir:ir-batch6-5842
14535,ir:ir-batch6-5711
14539,ir:ir-batch6-3902
14543,ir:ir-batch6-2452
14549,ir:ir-batch6-5018
14558,ir:ir-batch6-4571
14561,ir:738
14577,ir:ir-batch6-3158
14579,ir:228
14586,ir:ir-batch6-4061
14589,ir:ir-batch6-5508
14597,ir:280
14598,ir:ir-batch6-5262
14599,ir:ir-batch6-2918
14603,ir:ir-batch6-3448
14604,ir:26654
14607,ir:ir-batch6-1234
14614,ir:542
14619,ir:ir-batch6-5188
14622,ir:ir-batch6-3060
14627,ir:ir-batch6-3859
14636,ir:ir-batch6-5919
14643,ir:ir-batch6-6235
14645,ir:ir-batch6-5120
14649,ir:600
14653,ir:ir-batch6-4633
14655,ir:ir-batch6-2019
14663,ir:ir-batch6-5498
14672,ir:ir-batch6-2888
14674,ir:ir-batch6-4960
14677,ir:ir-batch6-5430
14689,ir:ir-batch6-4192
14693,ir:ir-batch6-5339
14700,ir:76
14702,ir:ir-batch6-4650
14709,ir:ir-batch6-5453
14711,ir:ir-batch6-4903
14714,ir:ir-batch6-6084
14715,ir:ir-batch6-5391
14723,ir:22249
14725,ir:ir-batch6-5629
14736,ir:ir-batch6-4482
14740,ir:663
14743,ir:ir-batch6-6256
14744,ir:ir-batch7-128
14746,ir:ir-batch6-5143
14757,ir:ir-batch6-2014
14760,ir:ir-batch6-5357
14765,ir:477
14767,ir:ir-batch6-5495
14769,ir:ir-batch6-907
14771,ir:ir-batch6-2885
14772,ir:ir-batch6-654
14778,ir:ir-batch6-196
14786,ir:167
14789,ir:ir-batch6-5647
14796,ir:ir-batch6-3854
14797,ir:ir-batch13-116
14801,ir:ir-batch6-5914
14822,ir:ir-batch6-2567
14829,ir:ir-batch6-5624
14833,ir:104
14845,ir:ir-batch6-3764
14848,ir:ir-batch6-1921
14849,ir:ir-batch7-125
14852,ir:ir-batch6-4427
14858,ir:ir-batch6-964
14860,ir:414
14863,ir:ir-batch6-5334
14866,ir:ir-batch6-6021
14873,ir:ir-batch6-2077
14884,ir:ir-batch6-637
14885,ir:ir-batch6-6089
14917,ir:ir-batch10-118
14921,ir:ir-batch6-5008
14924,ir:ir-batch6-1867
14927,ir:ir-batch6-4561
14935,ir:552
14940,ir:290
14943,ir:ir-batch6-2908
14947,ir:26644
14949,ir:ir-batch6-1224
14957,ir:ir-batch6-4848
14961,ir:ir-batch6-5518
14967,ir:ir-batch6-2152
14970,ir:ir-batch6-4778
14973,ir:ir-batch6-6104
14975,ir:ir-batch6-5211
14976,ir:ir-batch11-103
14977,ir:531
14986,ir:ir-batch6-712
15007,ir:ir-batch6-5701
15010,ir:ir-batch6-1757
15017,ir:ir-batch6-4268
15019,ir:ir-batch6-2328
15021,ir:ir-batch6-4502
15033,ir:ir-batch6-2905
15036,ir:26649
15037,ir:ir-batch6-1229
15046,ir:ir-batch6-887
15049,ir:ir-batch6-5515
15050,ir:ir-batch6-4845
15051,ir:235
15067,ir:ir-batch6-506
15070,ir:876
15072,ir:ir-batch6-1791
15074,ir:725
15076,ir:ir-batch6-5005
15105,ir:ir-batch6-1030
15109,ir:ir-batch6-2325
15118,ir:746
15122,ir:ir-batch6-4775
15131,ir:ir-batch6-6109
15134,ir:ir-batch6-2966
15139,ir:26682
15143,ir:594
15145,ir:ir-batch6-5576
15152,ir:ir-batch6-1931
15176,ir:114
15179,ir:ir-batch6-2577
15182,ir:ir-batch6-1662
15187,ir:ir-batch6-5634
15191,ir:ir-batch6-6099
15201,ir:ir-batch6-4127
15215,ir:ir-batch6-2067
15230,ir:ir-batch6-4144
15231,ir:ir-batch6-4686
15233,ir:ir-batch6-2895
15246,ir:ir-batch6-5347
15258,ir:ir-batch6-1952
15259,ir:ir-batch6-6228
15266,ir:ir-batch6-5657
15279,ir:363
15292,ir:ir-batch6-5443
15305,ir:ir-batch6-4640
15310,ir:ir-batch6-979
15312,ir:409
15318,ir:ir-batch6-5153
15326,ir:ir-batch6-3882
15328,ir:ir-batch6-5691
15333,ir:ir-batch6-4492
15335,ir:ir-batch6-4350
15340,ir:ir-batch6-392
15342,ir:ir-batch6-3013
15345,ir:ir-batch6-5639
15356,ir:ir-batch6-1166
15359,ir:ir-batch6-6225
15361,ir:ir-batch6-5130
15369,ir:ir-batch6-3070
15370,ir:ir-batch6-2519
15387,ir:ir-batch6-4970
15394,ir:ir-batch6-2763
15400,ir:ir-batch6-2898
15413,ir:ir-batch6-4623
15418,ir:ir-batch6-1792
15423,ir:ir-batch10-116
15426,ir:ir-batch6-1869
15428,ir:ir-batch6-5006
15431,ir:ir-batch6-1050
15443,ir:ir-batch6-505
15446,ir:ir-batch6-5897
15447,ir:ir-batch6-884
15449,ir:ir-batch6-1540
15453,ir:ir-batch6-4846
15455,ir:ir-batch6-5516
15457,ir:236
15458,ir:ir-batch6-2197
15461,ir:ir-batch6-3394
15467,ir:ir-batch6-2906
15469,ir:ir-batch6-6169
15475,ir:ir-batch6-5575
15486,ir:26629
15489,ir:ir-batch6-4776
15490,ir:ir-batch6-2965
15498,ir:ir-batch6-1033
15508,ir:745
15523,ir:ir-batch6-1759
15531,ir:ir-batch6-889
15533,ir:ir-batch6-4072
15545,ir:551
15548,ir:ir-batch6-5271
15551,ir:293
15555,ir:ir-batch6-1227
15556,ir:26647
15563,ir:ir-batch6-262
15568,ir:ir-batch6-1864
15581,ir:ir-batch6-3972
15586,ir:ir-batch6-5761
15599,ir:ir-batch6-5851
15606,ir:ir-batch6-5068
15620,ir:ir-batch6-5702
15624,ir:ir-batch6-1754
15629,ir:258
15635,ir:ir-batch6-5578
15647,ir:ir-batch6-2151
15648,ir:26624
15652,ir:ir-batch6-2968
15653,ir:ir-batch6-5212
15655,ir:ir-batch6-6107
15657,ir:532
15658,ir:ir-batch6-842
15666,ir:ir-batch6-4491
15671,ir:ir-batch6-2579
15679,ir:ir-batch6-3010
15682,ir:ir-batch6-391
15685,ir:ir-batch6-5150
15698,ir:ir-batch6-5692
15702,ir:ir-batch6-2850
15704,ir:ir-batch6-3500
15705,ir:65
15707,ir:ir-batch6-2069
15709,ir:ir-batch6-4643
15717,ir:ir-batch6-5382
15718,ir:ir-batch6-6097
15726,ir:ir-batch6-4129
15731,ir:ir-batch6-5440
15740,ir:ir-batch6-4620
15752,ir:ir-batch6-5423
15765,ir:ir-batch6-3073
15767,ir:ir-batch6-5659
15795,ir:ir-batch6-5133
15797,ir:ir-batch6-6226
15810,ir:ir-batch6-977
15826,ir:117
15845,ir:ir-batch6-1932
15848,ir:ir-batch6-4434
15850,ir:ir-batch6-5964
15860,ir:ir-batch6-5654
15861,ir:22234
15870,ir:ir-batch13-105
15873,ir:ir-batch6-3847
15878,ir:ir-batch6-4395
15915,ir:ir-batch6-4147
15918,ir:ir-batch6-4685
15925,ir:ir-batch6-5712
15933,ir:ir-batch6-3901
15940,ir:ir-batch6-5841
15941,ir:ir-batch6-4511
15944,ir:ir-batch6-1817
15947,ir:ir-batch6-5078
15951,ir:522
15952,ir:ir-batch6-4890
15959,ir:ir-batch6-2141
15960,ir:26634
15963,ir:ir-batch6-2978
15967,ir:ir-batch6-6117
15971,ir:ir-batch6-5568
15974,ir:ir-batch6-4838
15981,ir:ir-batch6-4001
15984,ir:248
15986,ir:ir-batch6-3480
15994,ir:283
15997,ir:ir-batch8-103
16001,ir:ir-batch6-1237
16002,ir:26657
16009,ir:ir-batch6-3389
16010,ir:541
16018,ir:ir-batch6-4062
16033,ir:ir-batch6-3962
16034,ir:ir-batch6-4218
16042,ir:ir-batch6-5771
16060,ir:26639
16067,ir:ir-batch6-4835
16068,ir:ir-batch6-5565
16072,ir:587
16081,ir:245
16083,ir:ir-batch6-3135
16105,ir:ir-batch6-1023
16119,ir:ir-batch6-5887
16121,ir:ir-batch6-4215
16129,ir:ir-batch6-3156
16131,ir:ir-batch6-1879
16134,ir:ir-batch6-5016
16135,ir:ir-batch10-106
16142,ir:736
16143,ir:ir-batch6-2916
16155,ir:226
16156,ir:ir-batch6-2187
16165,ir:ir-batch6-5506
16168,ir:ir-batch6-4856
16177,ir:ir-batch6-5917
16186,ir:ir-batch6-4385
16187,ir:164
16191,ir:ir-batch6-5644
16194,ir:ir-batch13-115
16205,ir:ir-batch6-2886
16214,ir:ir-batch6-4157
16222,ir:ir-batch6-2017
16231,ir:ir-batch6-5354
16232,ir:ir-batch6-5496
16233,ir:474
16253,ir:417
16254,ir:ir-batch6-6022
16257,ir:ir-batch6-5337
16259,ir:78
16263,ir:ir-batch6-1361
16271,ir:ir-batch7-126
16274,ir:ir-batch6-6258
16276,ir:ir-batch6-1922
16281,ir:ir-batch6-5974
16289,ir:ir-batch6-3834
16291,ir:ir-batch6-5627
16308,ir:ir-batch6-4963
16317,ir:ir-batch6-4630
16322,ir:ir-batch6-5359
16329,ir:ir-batch6-130
16330,ir:ir-batch6-909
16339,ir:ir-batch6-5123
16341,ir:ir-batch6-6236
16352,ir:ir-batch6-4388
16356,ir:169
16359,ir:ir-batch6-5649
16363,ir:ir-batch6-3063
16371,ir:ir-batch6-4320
16373,ir:ir-batch6-329
16375,ir:4563
16378,ir:ir-batch6-5140
16381,ir:ir-batch6-6255
16396,ir:ir-batch6-3000
16404,ir:ir-batch6-4481
16414,ir:ir-batch6-4900
16421,ir:ir-batch6-5392
16423,ir:ir-batch6-6087
16429,ir:ir-batch6-691
16433,ir:ir-batch6-4653
16438,ir:ir-batch6-2079
16443,ir:ir-batch6-5944
16451,ir:ir-batch6-1912
16453,ir:ir-batch6-3095
16455,ir:ir-batch6-2296
16459,ir:ir-batch6-5617
16462,ir:ir-batch13-146
16469,ir:ir-batch6-604
16476,ir:ir-batch6-4104
16480,ir:ir-batch6-2044
16486,ir:ir-batch6-6012
16489,ir:ir-batch6-4995
16510,ir:83
16513,ir:ir-batch6-934
16514,ir:444
16515,ir:ir-batch6-6071
16522,ir:ir-batch6-2027
16534,ir:ir-batch6-3734
16539,ir:ir-batch6-5927
16544,ir:ir-batch6-4477
16553,ir:ir-batch6-3867
16555,ir:ir-batch6-5674
16558,ir:696
16567,ir:ir-batch12-133
16568,ir:340
16570,ir:ir-batch6-609
16572,ir:482
16573,ir:ir-batch6-5460
16577,ir:ir-batch6-4930
16589,ir:ir-batch6-4663
16596,ir:ir-batch6-3520
16597,ir:ir-batch6-4998
16602,ir:ir-batch6-1126
16605,ir:ir-batch6-5949
16617,ir:650
16619,ir:ir-batch6-3098
16631,ir:ir-batch6-3030
16646,ir:ir-batch6-3739
16650,ir:ir-batch6-5113
16651,ir:ir-batch6-6206
16653,ir:ir-batch6-1145
16657,ir:ir-batch13-128
16664,ir:ir-batch6-3053
16666,ir:ir-batch6-5679
16672,ir:ir-batch6-5982
16675,ir:ir-batch6-991
16682,ir:ir-batch6-4953
16685,ir:ir-batch6-5403
16689,ir:ir-batch6-2082
16691,ir:ir-batch6-939
16701,ir:ir-batch6-5369
16702,ir:ir-batch6-2813
16709,ir:ir-batch6-5741
16712,ir:ir-batch6-2402
16722,ir:ir-batch6-5083
16723,ir:ir-batch6-528
16725,ir:ir-batch6-242
16737,ir:571
16738,ir:ir-batch6-5593
16745,ir:26667
16750,ir:ir-batch6-5251
16752,ir:ir-batch6-6144
16767,ir:ir-batch6-3418
16770,ir:ir-batch6-2948
16771,ir:ir-batch6-5232
16774,ir:ir-batch6-1264
16782,ir:278
16794,ir:ir-batch6-5558
16799,ir:ir-batch6-4589
16800,ir:ir-batch14-108
16807,ir:ir-batch6-3108
16814,ir:ir-batch6-3662
16819,ir:ir-batch6-5048
16821,ir:ir-batch6-4521
16824,ir:ir-batch6-5871
16825,ir:893
16830,ir:ir-batch6-221
16838,ir:ir-batch6-4735
16840,ir:ir-batch6-3476
16844,ir:ir-batch6-2926
16848,ir:ir-batch6-5536
16856,ir:216
16862,ir:ir-batch6-4225
16867,ir:855
16881,ir:ir-batch6-5026
16888,ir:ir-batch6-4584
16900,ir:ir-batch6-3105
16908,ir:ir-batch6-2306
16912,ir:ir-batch9-125
16926,ir:ir-batch6-4756
16928,ir:ir-batch6-4094
16931,ir:275
16934,ir:ir-batch6-1503
16941,ir:ir-batch6-5555
16947,ir:149
16952,ir:ir-batch13-138
16957,ir:ir-batch6-5669
16961,ir:ir-batch6-3043
16965,ir:ir-batch6-6216
16966,ir:ir-batch6-3729
16976,ir:ir-batch6-5379
16977,ir:ir-batch6-2803
16981,ir:ir-batch6-4610
16985,ir:ir-batch6-929
16986,ir:459
16988,ir:ir-batch6-110
16992,ir:ir-batch6-2092
16997,ir:ir-batch6-981
16999,ir:ir-batch6-5413
17002,ir:ir-batch6-3239
17003,ir:ir-batch6-4943
17004,ir:ir-batch6-4988
17006,ir:ir-batch6-173
17013,ir:ir-batch6-2059
17014,ir:55
17020,ir:ir-batch6-2860
17021,ir:ir-batch6-4920
17022,ir:492
17025,ir:ir-batch6-5470
17027,ir:ir-batch6-4119
17037,ir:ir-batch12-123
17042,ir:350
17051,ir:ir-batch6-4363
17056,ir:913
17061,ir:ir-batch6-3088
17062,ir:640
17073,ir:ir-batch6-5160
17080,ir:396
17081,ir:ir-batch6-5374
17084,ir:ir-batch6-2037
17087,ir:ir-batch6-924
17090,ir:454
17111,ir:ir-batch13-135
17113,ir:ir-batch6-3877
17116,ir:ir-batch6-1632
17120,ir:ir-batch6-2527
17123,ir:ir-batch6-5664
17135,ir:ir-batch6-5937
17142,ir:ir-batch6-5607
17149,ir:ir-batch6-3814
17153,ir:ir-batch6-3085
17155,ir:ir-batch6-5954
17162,ir:ir-batch7-106
17165,ir:ir-batch6-1902
17166,ir:ir-batch6-3747
17169,ir:437
17173,ir:ir-batch6-2796
17175,ir:ir-batch6-2054
17176,ir:58
17181,ir:ir-batch6-6002
17183,ir:ir-batch6-5317
17202,ir:775
17208,ir:ir-batch6-5055
17215,ir:ir-batch6-4256
17224,ir:ir-batch6-3115
17229,ir:ir-batch6-1892
17230,ir:ir-batch6-4594
17231,ir:ir-batch14-115
17232,ir:826
17242,ir:ir-batch6-5545
17245,ir:265
17246,ir:ir-batch6-6192
17247,ir:ir-batch6-5287
17260,ir:26619
17269,ir:ir-batch6-5526
17271,ir:ir-batch6-4876
17280,ir:ir-batch6-2936
17299,ir:ir-batch6-1060
17302,ir:ir-batch6-5036
17309,ir:ir-batch6-535
17315,ir:ir-batch6-3176
17330,ir:268
17337,ir:502
17338,ir:ir-batch6-2958
17339,ir:ir-batch6-5222
17341,ir:ir-batch6-6137
17344,ir:ir-batch6-789
17346,ir:26614
17347,ir:ir-batch6-2161
17360,ir:ir-batch6-5058
17367,ir:ir-batch6-4531
17384,ir:ir-batch6-4599
17386,ir:ir-batch6-4552
17395,ir:ir-batch6-3611
17403,ir:ir-batch6-4290
17407,ir:ir-batch6-538
17409,ir:ir-batch6-5751
17417,ir:ir-batch6-4780
17420,ir:ir-batch6-2993
17435,ir:26677
17439,ir:ir-batch6-5241
17441,ir:ir-batch6-6154
17442,ir:ir-batch6-5583
17445,islandora:117
17450,ir:26631
17451,ir:ir-batch6-890
17453,ir:associated-videos

